{
  "without_hard_negatives": {
    "recall@1": 0.9979166666666667,
    "recall@5": 0.9989166666666667,
    "recall@10": 0.9991666666666666,
    "mrr": 0.9983925811010229,
    "map@r": 0.9052507356470918,
    "num_queries": 12000.0,
    "method": "UniXcoder + GraphCodeBERT",
    "alpha": 0.4,
    "beta": 0.6,
    "top_k": 100
  },
  "with_hard_negatives": {
    "recall@1": 0.9978333333333333,
    "recall@5": 0.9983333333333333,
    "recall@10": 0.9985833333333334,
    "mrr": 0.9980943753864144,
    "map@r": 0.888414078557124,
    "num_queries": 12000.0,
    "method": "UniXcoder + GraphCodeBERT",
    "alpha": 0.4,
    "beta": 0.6,
    "top_k": 100
  },
  "delta_with_minus_without": {
    "map@r": -0.016836657089967844,
    "recall@1": -8.333333333332416e-05,
    "recall@5": -0.0005833333333333801,
    "recall@10": -0.0005833333333332691,
    "mrr": -0.00029820571460847933
  }
}
