{
  "recall@1": 0.9979166666666667,
  "recall@5": 0.9989166666666667,
  "recall@10": 0.9991666666666666,
  "mrr": 0.9983925811010229,
  "map@r": 0.9052507356470918,
  "num_queries": 12000.0,
  "method": "UniXcoder + GraphCodeBERT",
  "alpha": 0.4,
  "beta": 0.6,
  "top_k": 100
}
