{
  "recall@1": 0.9978333333333333,
  "recall@5": 0.9983333333333333,
  "recall@10": 0.9985833333333334,
  "mrr": 0.9980943753864144,
  "map@r": 0.888414078557124,
  "num_queries": 12000.0,
  "method": "UniXcoder + GraphCodeBERT",
  "alpha": 0.4,
  "beta": 0.6,
  "top_k": 100
}
