{
  "recall@1": 0.8076666666666666,
  "recall@5": 0.914,
  "recall@10": 0.9486666666666667,
  "mrr": 0.8560613059081037,
  "map@r": 0.21688534237171136,
  "num_queries": 12000.0,
  "method": "TF-IDF"
}
