{
  "recall@1": 0.9985,
  "recall@5": 0.9993333333333333,
  "recall@10": 0.9994166666666666,
  "mrr": 0.9988927125919407,
  "map@r": 0.920233144751219,
  "num_queries": 12000.0,
  "method": "unixcoder_label_aware_balanced_k4_t003_e5",
  "checkpoint": "outputs/checkpoints/unixcoder_label_aware_balanced_k4_t003_e5",
  "runtime_seconds": 1904.4197444915771
}
