{
  "recall@1": 0.998,
  "recall@5": 0.9994166666666666,
  "recall@10": 0.9995,
  "mrr": 0.9985731092523451,
  "map@r": 0.9172425414493219,
  "num_queries": 12000.0,
  "method": "unixcoder_label_aware_balanced_k4_t003",
  "checkpoint": "outputs/checkpoints/unixcoder_label_aware_balanced_k4_t003",
  "runtime_seconds": 1178.14786028862
}
