{
  "recall@1": 0.9976666666666667,
  "recall@5": 0.99875,
  "recall@10": 0.9991666666666666,
  "mrr": 0.9982179793458081,
  "map@r": 0.909527461827835,
  "num_queries": 12000.0,
  "method": "unixcoder_retrieval",
  "checkpoint": "outputs/checkpoints/unixcoder_retrieval",
  "runtime_seconds": 1181.121094942093
}
