{
  "recall@1": 0.9975833333333334,
  "recall@5": 0.9988333333333334,
  "recall@10": 0.99925,
  "mrr": 0.9982039599004038,
  "map@r": 0.9098223936303266,
  "num_queries": 12000.0,
  "method": "unixcoder_retrieval",
  "checkpoint": "outputs/checkpoints/unixcoder_retrieval",
  "runtime_seconds": 952.658403635025
}
