{
  "recall@1": 0.9971666666666666,
  "recall@5": 0.9985,
  "recall@10": 0.9988333333333334,
  "mrr": 0.9977647332438834,
  "map@r": 0.8925153245530045,
  "num_queries": 12000.0,
  "method": "unixcoder_label_aware_poj_bcb",
  "checkpoint": "outputs/checkpoints/unixcoder_label_aware_poj_bcb",
  "runtime_seconds": 6727.977666139603
}
